ID,sample_index,steer_label,motion_status,reviewed,valid_steer
REVIEW_001,0,UNKNOWN,UNKNOWN,0,0
REVIEW_001,1,UNKNOWN,UNKNOWN,0,0
REVIEW_001,2,UNKNOWN,UNKNOWN,0,0
REVIEW_001,3,UNKNOWN,UNKNOWN,0,0
REVIEW_001,4,UNKNOWN,UNKNOWN,0,0
REVIEW_001,5,UNKNOWN,UNKNOWN,0,0
REVIEW_001,6,UNKNOWN,UNKNOWN,0,0
REVIEW_001,7,UNKNOWN,UNKNOWN,0,0
REVIEW_001,8,UNKNOWN,UNKNOWN,0,0
REVIEW_001,9,UNKNOWN,UNKNOWN,0,0
REVIEW_001,10,UNKNOWN,UNKNOWN,0,0
REVIEW_001,11,UNKNOWN,UNKNOWN,0,0
REVIEW_001,12,UNKNOWN,UNKNOWN,0,0
REVIEW_001,13,UNKNOWN,UNKNOWN,0,0
REVIEW_001,14,UNKNOWN,UNKNOWN,0,0
REVIEW_001,15,UNKNOWN,UNKNOWN,0,0
REVIEW_001,16,UNKNOWN,UNKNOWN,0,0
REVIEW_001,17,UNKNOWN,UNKNOWN,0,0
REVIEW_001,18,UNKNOWN,UNKNOWN,0,0
REVIEW_001,19,UNKNOWN,UNKNOWN,0,0
REVIEW_001,20,UNKNOWN,UNKNOWN,0,0
REVIEW_001,21,UNKNOWN,UNKNOWN,0,0
REVIEW_001,22,UNKNOWN,UNKNOWN,0,0
REVIEW_001,23,UNKNOWN,UNKNOWN,0,0
REVIEW_001,24,UNKNOWN,UNKNOWN,0,0
REVIEW_001,25,UNKNOWN,UNKNOWN,0,0
REVIEW_001,26,UNKNOWN,UNKNOWN,0,0
REVIEW_001,27,UNKNOWN,UNKNOWN,0,0
REVIEW_001,28,UNKNOWN,UNKNOWN,0,0
REVIEW_001,29,UNKNOWN,UNKNOWN,0,0
REVIEW_001,30,UNKNOWN,UNKNOWN,0,0
REVIEW_001,31,UNKNOWN,UNKNOWN,0,0
REVIEW_001,32,UNKNOWN,UNKNOWN,0,0
REVIEW_001,33,UNKNOWN,UNKNOWN,0,0
REVIEW_001,34,UNKNOWN,UNKNOWN,0,0
REVIEW_001,35,UNKNOWN,UNKNOWN,0,0
REVIEW_001,36,UNKNOWN,UNKNOWN,0,0
REVIEW_001,37,UNKNOWN,UNKNOWN,0,0
REVIEW_001,38,UNKNOWN,UNKNOWN,0,0
REVIEW_001,39,UNKNOWN,UNKNOWN,0,0
REVIEW_001,40,UNKNOWN,UNKNOWN,0,0
REVIEW_001,41,UNKNOWN,UNKNOWN,0,0
REVIEW_001,42,UNKNOWN,UNKNOWN,0,0
REVIEW_001,43,UNKNOWN,UNKNOWN,0,0
REVIEW_001,44,UNKNOWN,UNKNOWN,0,0
REVIEW_001,45,UNKNOWN,UNKNOWN,0,0
REVIEW_001,46,UNKNOWN,UNKNOWN,0,0
REVIEW_001,47,UNKNOWN,UNKNOWN,0,0
REVIEW_001,48,UNKNOWN,UNKNOWN,0,0
REVIEW_001,49,UNKNOWN,UNKNOWN,0,0
REVIEW_002,0,UNKNOWN,UNKNOWN,0,0
REVIEW_002,1,UNKNOWN,UNKNOWN,0,0
REVIEW_002,2,UNKNOWN,UNKNOWN,0,0
REVIEW_002,3,UNKNOWN,UNKNOWN,0,0
REVIEW_002,4,UNKNOWN,UNKNOWN,0,0
REVIEW_002,5,UNKNOWN,UNKNOWN,0,0
REVIEW_002,6,UNKNOWN,UNKNOWN,0,0
REVIEW_002,7,UNKNOWN,UNKNOWN,0,0
REVIEW_002,8,UNKNOWN,UNKNOWN,0,0
REVIEW_002,9,UNKNOWN,UNKNOWN,0,0
REVIEW_002,10,UNKNOWN,UNKNOWN,0,0
REVIEW_002,11,UNKNOWN,UNKNOWN,0,0
REVIEW_002,12,UNKNOWN,UNKNOWN,0,0
REVIEW_002,13,UNKNOWN,UNKNOWN,0,0
REVIEW_002,14,UNKNOWN,UNKNOWN,0,0
REVIEW_002,15,UNKNOWN,UNKNOWN,0,0
REVIEW_002,16,UNKNOWN,UNKNOWN,0,0
REVIEW_002,17,UNKNOWN,UNKNOWN,0,0
REVIEW_002,18,UNKNOWN,UNKNOWN,0,0
REVIEW_002,19,UNKNOWN,UNKNOWN,0,0
REVIEW_002,20,UNKNOWN,UNKNOWN,0,0
REVIEW_002,21,UNKNOWN,UNKNOWN,0,0
REVIEW_002,22,UNKNOWN,UNKNOWN,0,0
REVIEW_002,23,UNKNOWN,UNKNOWN,0,0
REVIEW_002,24,UNKNOWN,UNKNOWN,0,0
REVIEW_002,25,UNKNOWN,UNKNOWN,0,0
REVIEW_002,26,UNKNOWN,UNKNOWN,0,0
REVIEW_002,27,UNKNOWN,UNKNOWN,0,0
REVIEW_002,28,UNKNOWN,UNKNOWN,0,0
REVIEW_002,29,UNKNOWN,UNKNOWN,0,0
REVIEW_002,30,UNKNOWN,UNKNOWN,0,0
REVIEW_002,31,UNKNOWN,UNKNOWN,0,0
REVIEW_002,32,UNKNOWN,UNKNOWN,0,0
REVIEW_002,33,UNKNOWN,UNKNOWN,0,0
REVIEW_002,34,UNKNOWN,UNKNOWN,0,0
REVIEW_002,35,UNKNOWN,UNKNOWN,0,0
REVIEW_002,36,UNKNOWN,UNKNOWN,0,0
REVIEW_002,37,UNKNOWN,UNKNOWN,0,0
REVIEW_002,38,UNKNOWN,UNKNOWN,0,0
REVIEW_002,39,UNKNOWN,UNKNOWN,0,0
REVIEW_002,40,UNKNOWN,UNKNOWN,0,0
REVIEW_002,41,UNKNOWN,UNKNOWN,0,0
REVIEW_002,42,UNKNOWN,UNKNOWN,0,0
REVIEW_002,43,UNKNOWN,UNKNOWN,0,0
REVIEW_002,44,UNKNOWN,UNKNOWN,0,0
REVIEW_002,45,UNKNOWN,UNKNOWN,0,0
REVIEW_002,46,UNKNOWN,UNKNOWN,0,0
REVIEW_002,47,UNKNOWN,UNKNOWN,0,0
REVIEW_002,48,UNKNOWN,UNKNOWN,0,0
REVIEW_002,49,UNKNOWN,UNKNOWN,0,0
REVIEW_003,0,UNKNOWN,UNKNOWN,0,0
REVIEW_003,1,UNKNOWN,UNKNOWN,0,0
REVIEW_003,2,UNKNOWN,UNKNOWN,0,0
REVIEW_003,3,UNKNOWN,UNKNOWN,0,0
REVIEW_003,4,UNKNOWN,UNKNOWN,0,0
REVIEW_003,5,UNKNOWN,UNKNOWN,0,0
REVIEW_003,6,UNKNOWN,UNKNOWN,0,0
REVIEW_003,7,UNKNOWN,UNKNOWN,0,0
REVIEW_003,8,UNKNOWN,UNKNOWN,0,0
REVIEW_003,9,UNKNOWN,UNKNOWN,0,0
REVIEW_003,10,UNKNOWN,UNKNOWN,0,0
REVIEW_003,11,UNKNOWN,UNKNOWN,0,0
REVIEW_003,12,UNKNOWN,UNKNOWN,0,0
REVIEW_003,13,UNKNOWN,UNKNOWN,0,0
REVIEW_003,14,UNKNOWN,UNKNOWN,0,0
REVIEW_003,15,UNKNOWN,UNKNOWN,0,0
REVIEW_003,16,UNKNOWN,UNKNOWN,0,0
REVIEW_003,17,UNKNOWN,UNKNOWN,0,0
REVIEW_003,18,UNKNOWN,UNKNOWN,0,0
REVIEW_003,19,UNKNOWN,UNKNOWN,0,0
REVIEW_003,20,UNKNOWN,UNKNOWN,0,0
REVIEW_003,21,UNKNOWN,UNKNOWN,0,0
REVIEW_003,22,UNKNOWN,UNKNOWN,0,0
REVIEW_003,23,UNKNOWN,UNKNOWN,0,0
REVIEW_003,24,UNKNOWN,UNKNOWN,0,0
REVIEW_003,25,UNKNOWN,UNKNOWN,0,0
REVIEW_003,26,UNKNOWN,UNKNOWN,0,0
REVIEW_003,27,UNKNOWN,UNKNOWN,0,0
REVIEW_003,28,UNKNOWN,UNKNOWN,0,0
REVIEW_003,29,UNKNOWN,UNKNOWN,0,0
REVIEW_003,30,UNKNOWN,UNKNOWN,0,0
REVIEW_003,31,UNKNOWN,UNKNOWN,0,0
REVIEW_003,32,UNKNOWN,UNKNOWN,0,0
REVIEW_003,33,UNKNOWN,UNKNOWN,0,0
REVIEW_003,34,UNKNOWN,UNKNOWN,0,0
REVIEW_003,35,UNKNOWN,UNKNOWN,0,0
REVIEW_003,36,UNKNOWN,UNKNOWN,0,0
REVIEW_003,37,UNKNOWN,UNKNOWN,0,0
REVIEW_003,38,UNKNOWN,UNKNOWN,0,0
REVIEW_003,39,UNKNOWN,UNKNOWN,0,0
REVIEW_003,40,UNKNOWN,UNKNOWN,0,0
REVIEW_003,41,UNKNOWN,UNKNOWN,0,0
REVIEW_003,42,UNKNOWN,UNKNOWN,0,0
REVIEW_003,43,UNKNOWN,UNKNOWN,0,0
REVIEW_003,44,UNKNOWN,UNKNOWN,0,0
REVIEW_003,45,UNKNOWN,UNKNOWN,0,0
REVIEW_003,46,UNKNOWN,UNKNOWN,0,0
REVIEW_003,47,UNKNOWN,UNKNOWN,0,0
REVIEW_003,48,UNKNOWN,UNKNOWN,0,0
REVIEW_003,49,UNKNOWN,UNKNOWN,0,0
REVIEW_004,0,UNKNOWN,UNKNOWN,0,0
REVIEW_004,1,UNKNOWN,UNKNOWN,0,0
REVIEW_004,2,UNKNOWN,UNKNOWN,0,0
REVIEW_004,3,UNKNOWN,UNKNOWN,0,0
REVIEW_004,4,UNKNOWN,UNKNOWN,0,0
REVIEW_004,5,UNKNOWN,UNKNOWN,0,0
REVIEW_004,6,UNKNOWN,UNKNOWN,0,0
REVIEW_004,7,UNKNOWN,UNKNOWN,0,0
REVIEW_004,8,UNKNOWN,UNKNOWN,0,0
REVIEW_004,9,UNKNOWN,UNKNOWN,0,0
REVIEW_004,10,UNKNOWN,UNKNOWN,0,0
REVIEW_004,11,UNKNOWN,UNKNOWN,0,0
REVIEW_004,12,UNKNOWN,UNKNOWN,0,0
REVIEW_004,13,UNKNOWN,UNKNOWN,0,0
REVIEW_004,14,UNKNOWN,UNKNOWN,0,0
REVIEW_004,15,UNKNOWN,UNKNOWN,0,0
REVIEW_004,16,UNKNOWN,UNKNOWN,0,0
REVIEW_004,17,UNKNOWN,UNKNOWN,0,0
REVIEW_004,18,UNKNOWN,UNKNOWN,0,0
REVIEW_004,19,UNKNOWN,UNKNOWN,0,0
REVIEW_004,20,UNKNOWN,UNKNOWN,0,0
REVIEW_004,21,UNKNOWN,UNKNOWN,0,0
REVIEW_004,22,UNKNOWN,UNKNOWN,0,0
REVIEW_004,23,UNKNOWN,UNKNOWN,0,0
REVIEW_004,24,UNKNOWN,UNKNOWN,0,0
REVIEW_004,25,UNKNOWN,UNKNOWN,0,0
REVIEW_004,26,UNKNOWN,UNKNOWN,0,0
REVIEW_004,27,UNKNOWN,UNKNOWN,0,0
REVIEW_004,28,UNKNOWN,UNKNOWN,0,0
REVIEW_004,29,UNKNOWN,UNKNOWN,0,0
REVIEW_004,30,UNKNOWN,UNKNOWN,0,0
REVIEW_004,31,UNKNOWN,UNKNOWN,0,0
REVIEW_004,32,UNKNOWN,UNKNOWN,0,0
REVIEW_004,33,UNKNOWN,UNKNOWN,0,0
REVIEW_004,34,UNKNOWN,UNKNOWN,0,0
REVIEW_004,35,UNKNOWN,UNKNOWN,0,0
REVIEW_004,36,UNKNOWN,UNKNOWN,0,0
REVIEW_004,37,UNKNOWN,UNKNOWN,0,0
REVIEW_004,38,UNKNOWN,UNKNOWN,0,0
REVIEW_004,39,UNKNOWN,UNKNOWN,0,0
REVIEW_004,40,UNKNOWN,UNKNOWN,0,0
REVIEW_004,41,UNKNOWN,UNKNOWN,0,0
REVIEW_004,42,UNKNOWN,UNKNOWN,0,0
REVIEW_004,43,UNKNOWN,UNKNOWN,0,0
REVIEW_004,44,UNKNOWN,UNKNOWN,0,0
REVIEW_004,45,UNKNOWN,UNKNOWN,0,0
REVIEW_004,46,UNKNOWN,UNKNOWN,0,0
REVIEW_004,47,UNKNOWN,UNKNOWN,0,0
REVIEW_004,48,UNKNOWN,UNKNOWN,0,0
REVIEW_004,49,UNKNOWN,UNKNOWN,0,0
REVIEW_005,0,UNKNOWN,UNKNOWN,0,0
REVIEW_005,1,UNKNOWN,UNKNOWN,0,0
REVIEW_005,2,UNKNOWN,UNKNOWN,0,0
REVIEW_005,3,UNKNOWN,UNKNOWN,0,0
REVIEW_005,4,UNKNOWN,UNKNOWN,0,0
REVIEW_005,5,UNKNOWN,UNKNOWN,0,0
REVIEW_005,6,UNKNOWN,UNKNOWN,0,0
REVIEW_005,7,UNKNOWN,UNKNOWN,0,0
REVIEW_005,8,UNKNOWN,UNKNOWN,0,0
REVIEW_005,9,UNKNOWN,UNKNOWN,0,0
REVIEW_005,10,UNKNOWN,UNKNOWN,0,0
REVIEW_005,11,UNKNOWN,UNKNOWN,0,0
REVIEW_005,12,UNKNOWN,UNKNOWN,0,0
REVIEW_005,13,UNKNOWN,UNKNOWN,0,0
REVIEW_005,14,UNKNOWN,UNKNOWN,0,0
REVIEW_005,15,UNKNOWN,UNKNOWN,0,0
REVIEW_005,16,UNKNOWN,UNKNOWN,0,0
REVIEW_005,17,UNKNOWN,UNKNOWN,0,0
REVIEW_005,18,UNKNOWN,UNKNOWN,0,0
REVIEW_005,19,UNKNOWN,UNKNOWN,0,0
REVIEW_005,20,UNKNOWN,UNKNOWN,0,0
REVIEW_005,21,UNKNOWN,UNKNOWN,0,0
REVIEW_005,22,UNKNOWN,UNKNOWN,0,0
REVIEW_005,23,UNKNOWN,UNKNOWN,0,0
REVIEW_005,24,UNKNOWN,UNKNOWN,0,0
REVIEW_005,25,UNKNOWN,UNKNOWN,0,0
REVIEW_005,26,UNKNOWN,UNKNOWN,0,0
REVIEW_005,27,UNKNOWN,UNKNOWN,0,0
REVIEW_005,28,UNKNOWN,UNKNOWN,0,0
REVIEW_005,29,UNKNOWN,UNKNOWN,0,0
REVIEW_005,30,UNKNOWN,UNKNOWN,0,0
REVIEW_005,31,UNKNOWN,UNKNOWN,0,0
REVIEW_005,32,UNKNOWN,UNKNOWN,0,0
REVIEW_005,33,UNKNOWN,UNKNOWN,0,0
REVIEW_005,34,UNKNOWN,UNKNOWN,0,0
REVIEW_005,35,UNKNOWN,UNKNOWN,0,0
REVIEW_005,36,UNKNOWN,UNKNOWN,0,0
REVIEW_005,37,UNKNOWN,UNKNOWN,0,0
REVIEW_005,38,UNKNOWN,UNKNOWN,0,0
REVIEW_005,39,UNKNOWN,UNKNOWN,0,0
REVIEW_005,40,UNKNOWN,UNKNOWN,0,0
REVIEW_005,41,UNKNOWN,UNKNOWN,0,0
REVIEW_005,42,UNKNOWN,UNKNOWN,0,0
REVIEW_005,43,UNKNOWN,UNKNOWN,0,0
REVIEW_005,44,UNKNOWN,UNKNOWN,0,0
REVIEW_005,45,UNKNOWN,UNKNOWN,0,0
REVIEW_005,46,UNKNOWN,UNKNOWN,0,0
REVIEW_005,47,UNKNOWN,UNKNOWN,0,0
REVIEW_005,48,UNKNOWN,UNKNOWN,0,0
REVIEW_005,49,UNKNOWN,UNKNOWN,0,0
REVIEW_006,0,UNKNOWN,UNKNOWN,0,0
REVIEW_006,1,UNKNOWN,UNKNOWN,0,0
REVIEW_006,2,UNKNOWN,UNKNOWN,0,0
REVIEW_006,3,UNKNOWN,UNKNOWN,0,0
REVIEW_006,4,UNKNOWN,UNKNOWN,0,0
REVIEW_006,5,UNKNOWN,UNKNOWN,0,0
REVIEW_006,6,UNKNOWN,UNKNOWN,0,0
REVIEW_006,7,UNKNOWN,UNKNOWN,0,0
REVIEW_006,8,UNKNOWN,UNKNOWN,0,0
REVIEW_006,9,UNKNOWN,UNKNOWN,0,0
REVIEW_006,10,UNKNOWN,UNKNOWN,0,0
REVIEW_006,11,UNKNOWN,UNKNOWN,0,0
REVIEW_006,12,UNKNOWN,UNKNOWN,0,0
REVIEW_006,13,UNKNOWN,UNKNOWN,0,0
REVIEW_006,14,UNKNOWN,UNKNOWN,0,0
REVIEW_006,15,UNKNOWN,UNKNOWN,0,0
REVIEW_006,16,UNKNOWN,UNKNOWN,0,0
REVIEW_006,17,UNKNOWN,UNKNOWN,0,0
REVIEW_006,18,UNKNOWN,UNKNOWN,0,0
REVIEW_006,19,UNKNOWN,UNKNOWN,0,0
REVIEW_006,20,UNKNOWN,UNKNOWN,0,0
REVIEW_006,21,UNKNOWN,UNKNOWN,0,0
REVIEW_006,22,UNKNOWN,UNKNOWN,0,0
REVIEW_006,23,UNKNOWN,UNKNOWN,0,0
REVIEW_006,24,UNKNOWN,UNKNOWN,0,0
REVIEW_006,25,UNKNOWN,UNKNOWN,0,0
REVIEW_006,26,UNKNOWN,UNKNOWN,0,0
REVIEW_006,27,UNKNOWN,UNKNOWN,0,0
REVIEW_006,28,UNKNOWN,UNKNOWN,0,0
REVIEW_006,29,UNKNOWN,UNKNOWN,0,0
REVIEW_006,30,UNKNOWN,UNKNOWN,0,0
REVIEW_006,31,UNKNOWN,UNKNOWN,0,0
REVIEW_006,32,UNKNOWN,UNKNOWN,0,0
REVIEW_006,33,UNKNOWN,UNKNOWN,0,0
REVIEW_006,34,UNKNOWN,UNKNOWN,0,0
REVIEW_006,35,UNKNOWN,UNKNOWN,0,0
REVIEW_006,36,UNKNOWN,UNKNOWN,0,0
REVIEW_006,37,UNKNOWN,UNKNOWN,0,0
REVIEW_006,38,UNKNOWN,UNKNOWN,0,0
REVIEW_006,39,UNKNOWN,UNKNOWN,0,0
REVIEW_006,40,UNKNOWN,UNKNOWN,0,0
REVIEW_006,41,UNKNOWN,UNKNOWN,0,0
REVIEW_006,42,UNKNOWN,UNKNOWN,0,0
REVIEW_006,43,UNKNOWN,UNKNOWN,0,0
REVIEW_006,44,UNKNOWN,UNKNOWN,0,0
REVIEW_006,45,UNKNOWN,UNKNOWN,0,0
REVIEW_006,46,UNKNOWN,UNKNOWN,0,0
REVIEW_006,47,UNKNOWN,UNKNOWN,0,0
REVIEW_006,48,UNKNOWN,UNKNOWN,0,0
REVIEW_006,49,UNKNOWN,UNKNOWN,0,0
REVIEW_007,0,UNKNOWN,UNKNOWN,0,0
REVIEW_007,1,UNKNOWN,UNKNOWN,0,0
REVIEW_007,2,UNKNOWN,UNKNOWN,0,0
REVIEW_007,3,UNKNOWN,UNKNOWN,0,0
REVIEW_007,4,UNKNOWN,UNKNOWN,0,0
REVIEW_007,5,UNKNOWN,UNKNOWN,0,0
REVIEW_007,6,UNKNOWN,UNKNOWN,0,0
REVIEW_007,7,UNKNOWN,UNKNOWN,0,0
REVIEW_007,8,UNKNOWN,UNKNOWN,0,0
REVIEW_007,9,UNKNOWN,UNKNOWN,0,0
REVIEW_007,10,UNKNOWN,UNKNOWN,0,0
REVIEW_007,11,UNKNOWN,UNKNOWN,0,0
REVIEW_007,12,UNKNOWN,UNKNOWN,0,0
REVIEW_007,13,UNKNOWN,UNKNOWN,0,0
REVIEW_007,14,UNKNOWN,UNKNOWN,0,0
REVIEW_007,15,UNKNOWN,UNKNOWN,0,0
REVIEW_007,16,UNKNOWN,UNKNOWN,0,0
REVIEW_007,17,UNKNOWN,UNKNOWN,0,0
REVIEW_007,18,UNKNOWN,UNKNOWN,0,0
REVIEW_007,19,UNKNOWN,UNKNOWN,0,0
REVIEW_007,20,UNKNOWN,UNKNOWN,0,0
REVIEW_007,21,UNKNOWN,UNKNOWN,0,0
REVIEW_007,22,UNKNOWN,UNKNOWN,0,0
REVIEW_007,23,UNKNOWN,UNKNOWN,0,0
REVIEW_007,24,UNKNOWN,UNKNOWN,0,0
REVIEW_007,25,UNKNOWN,UNKNOWN,0,0
REVIEW_007,26,UNKNOWN,UNKNOWN,0,0
REVIEW_007,27,UNKNOWN,UNKNOWN,0,0
REVIEW_007,28,UNKNOWN,UNKNOWN,0,0
REVIEW_007,29,UNKNOWN,UNKNOWN,0,0
REVIEW_007,30,UNKNOWN,UNKNOWN,0,0
REVIEW_007,31,UNKNOWN,UNKNOWN,0,0
REVIEW_007,32,UNKNOWN,UNKNOWN,0,0
REVIEW_007,33,UNKNOWN,UNKNOWN,0,0
REVIEW_007,34,UNKNOWN,UNKNOWN,0,0
REVIEW_007,35,UNKNOWN,UNKNOWN,0,0
REVIEW_007,36,UNKNOWN,UNKNOWN,0,0
REVIEW_007,37,UNKNOWN,UNKNOWN,0,0
REVIEW_007,38,UNKNOWN,UNKNOWN,0,0
REVIEW_007,39,UNKNOWN,UNKNOWN,0,0
REVIEW_007,40,UNKNOWN,UNKNOWN,0,0
REVIEW_007,41,UNKNOWN,UNKNOWN,0,0
REVIEW_007,42,UNKNOWN,UNKNOWN,0,0
REVIEW_007,43,UNKNOWN,UNKNOWN,0,0
REVIEW_007,44,UNKNOWN,UNKNOWN,0,0
REVIEW_007,45,UNKNOWN,UNKNOWN,0,0
REVIEW_007,46,UNKNOWN,UNKNOWN,0,0
REVIEW_007,47,UNKNOWN,UNKNOWN,0,0
REVIEW_007,48,UNKNOWN,UNKNOWN,0,0
REVIEW_007,49,UNKNOWN,UNKNOWN,0,0
REVIEW_008,0,UNKNOWN,UNKNOWN,0,0
REVIEW_008,1,UNKNOWN,UNKNOWN,0,0
REVIEW_008,2,UNKNOWN,UNKNOWN,0,0
REVIEW_008,3,UNKNOWN,UNKNOWN,0,0
REVIEW_008,4,UNKNOWN,UNKNOWN,0,0
REVIEW_008,5,UNKNOWN,UNKNOWN,0,0
REVIEW_008,6,UNKNOWN,UNKNOWN,0,0
REVIEW_008,7,UNKNOWN,UNKNOWN,0,0
REVIEW_008,8,UNKNOWN,UNKNOWN,0,0
REVIEW_008,9,UNKNOWN,UNKNOWN,0,0
REVIEW_008,10,UNKNOWN,UNKNOWN,0,0
REVIEW_008,11,UNKNOWN,UNKNOWN,0,0
REVIEW_008,12,UNKNOWN,UNKNOWN,0,0
REVIEW_008,13,UNKNOWN,UNKNOWN,0,0
REVIEW_008,14,UNKNOWN,UNKNOWN,0,0
REVIEW_008,15,UNKNOWN,UNKNOWN,0,0
REVIEW_008,16,UNKNOWN,UNKNOWN,0,0
REVIEW_008,17,UNKNOWN,UNKNOWN,0,0
REVIEW_008,18,UNKNOWN,UNKNOWN,0,0
REVIEW_008,19,UNKNOWN,UNKNOWN,0,0
REVIEW_008,20,UNKNOWN,UNKNOWN,0,0
REVIEW_008,21,UNKNOWN,UNKNOWN,0,0
REVIEW_008,22,UNKNOWN,UNKNOWN,0,0
REVIEW_008,23,UNKNOWN,UNKNOWN,0,0
REVIEW_008,24,UNKNOWN,UNKNOWN,0,0
REVIEW_008,25,UNKNOWN,UNKNOWN,0,0
REVIEW_008,26,UNKNOWN,UNKNOWN,0,0
REVIEW_008,27,UNKNOWN,UNKNOWN,0,0
REVIEW_008,28,UNKNOWN,UNKNOWN,0,0
REVIEW_008,29,UNKNOWN,UNKNOWN,0,0
REVIEW_008,30,UNKNOWN,UNKNOWN,0,0
REVIEW_008,31,UNKNOWN,UNKNOWN,0,0
REVIEW_008,32,UNKNOWN,UNKNOWN,0,0
REVIEW_008,33,UNKNOWN,UNKNOWN,0,0
REVIEW_008,34,UNKNOWN,UNKNOWN,0,0
REVIEW_008,35,UNKNOWN,UNKNOWN,0,0
REVIEW_008,36,UNKNOWN,UNKNOWN,0,0
REVIEW_008,37,UNKNOWN,UNKNOWN,0,0
REVIEW_008,38,UNKNOWN,UNKNOWN,0,0
REVIEW_008,39,UNKNOWN,UNKNOWN,0,0
REVIEW_008,40,UNKNOWN,UNKNOWN,0,0
REVIEW_008,41,UNKNOWN,UNKNOWN,0,0
REVIEW_008,42,UNKNOWN,UNKNOWN,0,0
REVIEW_008,43,UNKNOWN,UNKNOWN,0,0
REVIEW_008,44,UNKNOWN,UNKNOWN,0,0
REVIEW_008,45,UNKNOWN,UNKNOWN,0,0
REVIEW_008,46,UNKNOWN,UNKNOWN,0,0
REVIEW_008,47,UNKNOWN,UNKNOWN,0,0
REVIEW_008,48,UNKNOWN,UNKNOWN,0,0
REVIEW_008,49,UNKNOWN,UNKNOWN,0,0
REVIEW_009,0,UNKNOWN,UNKNOWN,0,0
REVIEW_009,1,UNKNOWN,UNKNOWN,0,0
REVIEW_009,2,UNKNOWN,UNKNOWN,0,0
REVIEW_009,3,UNKNOWN,UNKNOWN,0,0
REVIEW_009,4,UNKNOWN,UNKNOWN,0,0
REVIEW_009,5,UNKNOWN,UNKNOWN,0,0
REVIEW_009,6,UNKNOWN,UNKNOWN,0,0
REVIEW_009,7,UNKNOWN,UNKNOWN,0,0
REVIEW_009,8,UNKNOWN,UNKNOWN,0,0
REVIEW_009,9,UNKNOWN,UNKNOWN,0,0
REVIEW_009,10,UNKNOWN,UNKNOWN,0,0
REVIEW_009,11,UNKNOWN,UNKNOWN,0,0
REVIEW_009,12,UNKNOWN,UNKNOWN,0,0
REVIEW_009,13,UNKNOWN,UNKNOWN,0,0
REVIEW_009,14,UNKNOWN,UNKNOWN,0,0
REVIEW_009,15,UNKNOWN,UNKNOWN,0,0
REVIEW_009,16,UNKNOWN,UNKNOWN,0,0
REVIEW_009,17,UNKNOWN,UNKNOWN,0,0
REVIEW_009,18,UNKNOWN,UNKNOWN,0,0
REVIEW_009,19,UNKNOWN,UNKNOWN,0,0
REVIEW_009,20,UNKNOWN,UNKNOWN,0,0
REVIEW_009,21,UNKNOWN,UNKNOWN,0,0
REVIEW_009,22,UNKNOWN,UNKNOWN,0,0
REVIEW_009,23,UNKNOWN,UNKNOWN,0,0
REVIEW_009,24,UNKNOWN,UNKNOWN,0,0
REVIEW_009,25,UNKNOWN,UNKNOWN,0,0
REVIEW_009,26,UNKNOWN,UNKNOWN,0,0
REVIEW_009,27,UNKNOWN,UNKNOWN,0,0
REVIEW_009,28,UNKNOWN,UNKNOWN,0,0
REVIEW_009,29,UNKNOWN,UNKNOWN,0,0
REVIEW_009,30,UNKNOWN,UNKNOWN,0,0
REVIEW_009,31,UNKNOWN,UNKNOWN,0,0
REVIEW_009,32,UNKNOWN,UNKNOWN,0,0
REVIEW_009,33,UNKNOWN,UNKNOWN,0,0
REVIEW_009,34,UNKNOWN,UNKNOWN,0,0
REVIEW_009,35,UNKNOWN,UNKNOWN,0,0
REVIEW_009,36,UNKNOWN,UNKNOWN,0,0
REVIEW_009,37,UNKNOWN,UNKNOWN,0,0
REVIEW_009,38,UNKNOWN,UNKNOWN,0,0
REVIEW_009,39,UNKNOWN,UNKNOWN,0,0
REVIEW_009,40,UNKNOWN,UNKNOWN,0,0
REVIEW_009,41,UNKNOWN,UNKNOWN,0,0
REVIEW_009,42,UNKNOWN,UNKNOWN,0,0
REVIEW_009,43,UNKNOWN,UNKNOWN,0,0
REVIEW_009,44,UNKNOWN,UNKNOWN,0,0
REVIEW_009,45,UNKNOWN,UNKNOWN,0,0
REVIEW_009,46,UNKNOWN,UNKNOWN,0,0
REVIEW_009,47,UNKNOWN,UNKNOWN,0,0
REVIEW_009,48,UNKNOWN,UNKNOWN,0,0
REVIEW_009,49,UNKNOWN,UNKNOWN,0,0
REVIEW_010,0,UNKNOWN,UNKNOWN,0,0
REVIEW_010,1,UNKNOWN,UNKNOWN,0,0
REVIEW_010,2,UNKNOWN,UNKNOWN,0,0
REVIEW_010,3,UNKNOWN,UNKNOWN,0,0
REVIEW_010,4,UNKNOWN,UNKNOWN,0,0
REVIEW_010,5,UNKNOWN,UNKNOWN,0,0
REVIEW_010,6,UNKNOWN,UNKNOWN,0,0
REVIEW_010,7,UNKNOWN,UNKNOWN,0,0
REVIEW_010,8,UNKNOWN,UNKNOWN,0,0
REVIEW_010,9,UNKNOWN,UNKNOWN,0,0
REVIEW_010,10,UNKNOWN,UNKNOWN,0,0
REVIEW_010,11,UNKNOWN,UNKNOWN,0,0
REVIEW_010,12,UNKNOWN,UNKNOWN,0,0
REVIEW_010,13,UNKNOWN,UNKNOWN,0,0
REVIEW_010,14,UNKNOWN,UNKNOWN,0,0
REVIEW_010,15,UNKNOWN,UNKNOWN,0,0
REVIEW_010,16,UNKNOWN,UNKNOWN,0,0
REVIEW_010,17,UNKNOWN,UNKNOWN,0,0
REVIEW_010,18,UNKNOWN,UNKNOWN,0,0
REVIEW_010,19,UNKNOWN,UNKNOWN,0,0
REVIEW_010,20,UNKNOWN,UNKNOWN,0,0
REVIEW_010,21,UNKNOWN,UNKNOWN,0,0
REVIEW_010,22,UNKNOWN,UNKNOWN,0,0
REVIEW_010,23,UNKNOWN,UNKNOWN,0,0
REVIEW_010,24,UNKNOWN,UNKNOWN,0,0
REVIEW_010,25,UNKNOWN,UNKNOWN,0,0
REVIEW_010,26,UNKNOWN,UNKNOWN,0,0
REVIEW_010,27,UNKNOWN,UNKNOWN,0,0
REVIEW_010,28,UNKNOWN,UNKNOWN,0,0
REVIEW_010,29,UNKNOWN,UNKNOWN,0,0
REVIEW_010,30,UNKNOWN,UNKNOWN,0,0
REVIEW_010,31,UNKNOWN,UNKNOWN,0,0
REVIEW_010,32,UNKNOWN,UNKNOWN,0,0
REVIEW_010,33,UNKNOWN,UNKNOWN,0,0
REVIEW_010,34,UNKNOWN,UNKNOWN,0,0
REVIEW_010,35,UNKNOWN,UNKNOWN,0,0
REVIEW_010,36,UNKNOWN,UNKNOWN,0,0
REVIEW_010,37,UNKNOWN,UNKNOWN,0,0
REVIEW_010,38,UNKNOWN,UNKNOWN,0,0
REVIEW_010,39,UNKNOWN,UNKNOWN,0,0
REVIEW_010,40,UNKNOWN,UNKNOWN,0,0
REVIEW_010,41,UNKNOWN,UNKNOWN,0,0
REVIEW_010,42,UNKNOWN,UNKNOWN,0,0
REVIEW_010,43,UNKNOWN,UNKNOWN,0,0
REVIEW_010,44,UNKNOWN,UNKNOWN,0,0
REVIEW_010,45,UNKNOWN,UNKNOWN,0,0
REVIEW_010,46,UNKNOWN,UNKNOWN,0,0
REVIEW_010,47,UNKNOWN,UNKNOWN,0,0
REVIEW_010,48,UNKNOWN,UNKNOWN,0,0
REVIEW_010,49,UNKNOWN,UNKNOWN,0,0
REVIEW_011,0,UNKNOWN,UNKNOWN,0,0
REVIEW_011,1,UNKNOWN,UNKNOWN,0,0
REVIEW_011,2,UNKNOWN,UNKNOWN,0,0
REVIEW_011,3,UNKNOWN,UNKNOWN,0,0
REVIEW_011,4,UNKNOWN,UNKNOWN,0,0
REVIEW_011,5,UNKNOWN,UNKNOWN,0,0
REVIEW_011,6,UNKNOWN,UNKNOWN,0,0
REVIEW_011,7,UNKNOWN,UNKNOWN,0,0
REVIEW_011,8,UNKNOWN,UNKNOWN,0,0
REVIEW_011,9,UNKNOWN,UNKNOWN,0,0
REVIEW_011,10,UNKNOWN,UNKNOWN,0,0
REVIEW_011,11,UNKNOWN,UNKNOWN,0,0
REVIEW_011,12,UNKNOWN,UNKNOWN,0,0
REVIEW_011,13,UNKNOWN,UNKNOWN,0,0
REVIEW_011,14,UNKNOWN,UNKNOWN,0,0
REVIEW_011,15,UNKNOWN,UNKNOWN,0,0
REVIEW_011,16,UNKNOWN,UNKNOWN,0,0
REVIEW_011,17,UNKNOWN,UNKNOWN,0,0
REVIEW_011,18,UNKNOWN,UNKNOWN,0,0
REVIEW_011,19,UNKNOWN,UNKNOWN,0,0
REVIEW_011,20,UNKNOWN,UNKNOWN,0,0
REVIEW_011,21,UNKNOWN,UNKNOWN,0,0
REVIEW_011,22,UNKNOWN,UNKNOWN,0,0
REVIEW_011,23,UNKNOWN,UNKNOWN,0,0
REVIEW_011,24,UNKNOWN,UNKNOWN,0,0
REVIEW_011,25,UNKNOWN,UNKNOWN,0,0
REVIEW_011,26,UNKNOWN,UNKNOWN,0,0
REVIEW_011,27,UNKNOWN,UNKNOWN,0,0
REVIEW_011,28,UNKNOWN,UNKNOWN,0,0
REVIEW_011,29,UNKNOWN,UNKNOWN,0,0
REVIEW_011,30,UNKNOWN,UNKNOWN,0,0
REVIEW_011,31,UNKNOWN,UNKNOWN,0,0
REVIEW_011,32,UNKNOWN,UNKNOWN,0,0
REVIEW_011,33,UNKNOWN,UNKNOWN,0,0
REVIEW_011,34,UNKNOWN,UNKNOWN,0,0
REVIEW_011,35,UNKNOWN,UNKNOWN,0,0
REVIEW_011,36,UNKNOWN,UNKNOWN,0,0
REVIEW_011,37,UNKNOWN,UNKNOWN,0,0
REVIEW_011,38,UNKNOWN,UNKNOWN,0,0
REVIEW_011,39,UNKNOWN,UNKNOWN,0,0
REVIEW_011,40,UNKNOWN,UNKNOWN,0,0
REVIEW_011,41,UNKNOWN,UNKNOWN,0,0
REVIEW_011,42,UNKNOWN,UNKNOWN,0,0
REVIEW_011,43,UNKNOWN,UNKNOWN,0,0
REVIEW_011,44,UNKNOWN,UNKNOWN,0,0
REVIEW_011,45,UNKNOWN,UNKNOWN,0,0
REVIEW_011,46,UNKNOWN,UNKNOWN,0,0
REVIEW_011,47,UNKNOWN,UNKNOWN,0,0
REVIEW_011,48,UNKNOWN,UNKNOWN,0,0
REVIEW_011,49,UNKNOWN,UNKNOWN,0,0
REVIEW_012,0,UNKNOWN,UNKNOWN,0,0
REVIEW_012,1,UNKNOWN,UNKNOWN,0,0
REVIEW_012,2,UNKNOWN,UNKNOWN,0,0
REVIEW_012,3,UNKNOWN,UNKNOWN,0,0
REVIEW_012,4,UNKNOWN,UNKNOWN,0,0
REVIEW_012,5,UNKNOWN,UNKNOWN,0,0
REVIEW_012,6,UNKNOWN,UNKNOWN,0,0
REVIEW_012,7,UNKNOWN,UNKNOWN,0,0
REVIEW_012,8,UNKNOWN,UNKNOWN,0,0
REVIEW_012,9,UNKNOWN,UNKNOWN,0,0
REVIEW_012,10,UNKNOWN,UNKNOWN,0,0
REVIEW_012,11,UNKNOWN,UNKNOWN,0,0
REVIEW_012,12,UNKNOWN,UNKNOWN,0,0
REVIEW_012,13,UNKNOWN,UNKNOWN,0,0
REVIEW_012,14,UNKNOWN,UNKNOWN,0,0
REVIEW_012,15,UNKNOWN,UNKNOWN,0,0
REVIEW_012,16,UNKNOWN,UNKNOWN,0,0
REVIEW_012,17,UNKNOWN,UNKNOWN,0,0
REVIEW_012,18,UNKNOWN,UNKNOWN,0,0
REVIEW_012,19,UNKNOWN,UNKNOWN,0,0
REVIEW_012,20,UNKNOWN,UNKNOWN,0,0
REVIEW_012,21,UNKNOWN,UNKNOWN,0,0
REVIEW_012,22,UNKNOWN,UNKNOWN,0,0
REVIEW_012,23,UNKNOWN,UNKNOWN,0,0
REVIEW_012,24,UNKNOWN,UNKNOWN,0,0
REVIEW_012,25,UNKNOWN,UNKNOWN,0,0
REVIEW_012,26,UNKNOWN,UNKNOWN,0,0
REVIEW_012,27,UNKNOWN,UNKNOWN,0,0
REVIEW_012,28,UNKNOWN,UNKNOWN,0,0
REVIEW_012,29,UNKNOWN,UNKNOWN,0,0
REVIEW_012,30,UNKNOWN,UNKNOWN,0,0
REVIEW_012,31,UNKNOWN,UNKNOWN,0,0
REVIEW_012,32,UNKNOWN,UNKNOWN,0,0
REVIEW_012,33,UNKNOWN,UNKNOWN,0,0
REVIEW_012,34,UNKNOWN,UNKNOWN,0,0
REVIEW_012,35,UNKNOWN,UNKNOWN,0,0
REVIEW_012,36,UNKNOWN,UNKNOWN,0,0
REVIEW_012,37,UNKNOWN,UNKNOWN,0,0
REVIEW_012,38,UNKNOWN,UNKNOWN,0,0
REVIEW_012,39,UNKNOWN,UNKNOWN,0,0
REVIEW_012,40,UNKNOWN,UNKNOWN,0,0
REVIEW_012,41,UNKNOWN,UNKNOWN,0,0
REVIEW_012,42,UNKNOWN,UNKNOWN,0,0
REVIEW_012,43,UNKNOWN,UNKNOWN,0,0
REVIEW_012,44,UNKNOWN,UNKNOWN,0,0
REVIEW_012,45,UNKNOWN,UNKNOWN,0,0
REVIEW_012,46,UNKNOWN,UNKNOWN,0,0
REVIEW_012,47,UNKNOWN,UNKNOWN,0,0
REVIEW_012,48,UNKNOWN,UNKNOWN,0,0
REVIEW_012,49,UNKNOWN,UNKNOWN,0,0
REVIEW_013,0,UNKNOWN,UNKNOWN,0,0
REVIEW_013,1,UNKNOWN,UNKNOWN,0,0
REVIEW_013,2,UNKNOWN,UNKNOWN,0,0
REVIEW_013,3,UNKNOWN,UNKNOWN,0,0
REVIEW_013,4,UNKNOWN,UNKNOWN,0,0
REVIEW_013,5,UNKNOWN,UNKNOWN,0,0
REVIEW_013,6,UNKNOWN,UNKNOWN,0,0
REVIEW_013,7,UNKNOWN,UNKNOWN,0,0
REVIEW_013,8,UNKNOWN,UNKNOWN,0,0
REVIEW_013,9,UNKNOWN,UNKNOWN,0,0
REVIEW_013,10,UNKNOWN,UNKNOWN,0,0
REVIEW_013,11,UNKNOWN,UNKNOWN,0,0
REVIEW_013,12,UNKNOWN,UNKNOWN,0,0
REVIEW_013,13,UNKNOWN,UNKNOWN,0,0
REVIEW_013,14,UNKNOWN,UNKNOWN,0,0
REVIEW_013,15,UNKNOWN,UNKNOWN,0,0
REVIEW_013,16,UNKNOWN,UNKNOWN,0,0
REVIEW_013,17,UNKNOWN,UNKNOWN,0,0
REVIEW_013,18,UNKNOWN,UNKNOWN,0,0
REVIEW_013,19,UNKNOWN,UNKNOWN,0,0
REVIEW_013,20,UNKNOWN,UNKNOWN,0,0
REVIEW_013,21,UNKNOWN,UNKNOWN,0,0
REVIEW_013,22,UNKNOWN,UNKNOWN,0,0
REVIEW_013,23,UNKNOWN,UNKNOWN,0,0
REVIEW_013,24,UNKNOWN,UNKNOWN,0,0
REVIEW_013,25,UNKNOWN,UNKNOWN,0,0
REVIEW_013,26,UNKNOWN,UNKNOWN,0,0
REVIEW_013,27,UNKNOWN,UNKNOWN,0,0
REVIEW_013,28,UNKNOWN,UNKNOWN,0,0
REVIEW_013,29,UNKNOWN,UNKNOWN,0,0
REVIEW_013,30,UNKNOWN,UNKNOWN,0,0
REVIEW_013,31,UNKNOWN,UNKNOWN,0,0
REVIEW_013,32,UNKNOWN,UNKNOWN,0,0
REVIEW_013,33,UNKNOWN,UNKNOWN,0,0
REVIEW_013,34,UNKNOWN,UNKNOWN,0,0
REVIEW_013,35,UNKNOWN,UNKNOWN,0,0
REVIEW_013,36,UNKNOWN,UNKNOWN,0,0
REVIEW_013,37,UNKNOWN,UNKNOWN,0,0
REVIEW_013,38,UNKNOWN,UNKNOWN,0,0
REVIEW_013,39,UNKNOWN,UNKNOWN,0,0
REVIEW_013,40,UNKNOWN,UNKNOWN,0,0
REVIEW_013,41,UNKNOWN,UNKNOWN,0,0
REVIEW_013,42,UNKNOWN,UNKNOWN,0,0
REVIEW_013,43,UNKNOWN,UNKNOWN,0,0
REVIEW_013,44,UNKNOWN,UNKNOWN,0,0
REVIEW_013,45,UNKNOWN,UNKNOWN,0,0
REVIEW_013,46,UNKNOWN,UNKNOWN,0,0
REVIEW_013,47,UNKNOWN,UNKNOWN,0,0
REVIEW_013,48,UNKNOWN,UNKNOWN,0,0
REVIEW_013,49,UNKNOWN,UNKNOWN,0,0
REVIEW_014,0,UNKNOWN,UNKNOWN,0,0
REVIEW_014,1,UNKNOWN,UNKNOWN,0,0
REVIEW_014,2,UNKNOWN,UNKNOWN,0,0
REVIEW_014,3,UNKNOWN,UNKNOWN,0,0
REVIEW_014,4,UNKNOWN,UNKNOWN,0,0
REVIEW_014,5,UNKNOWN,UNKNOWN,0,0
REVIEW_014,6,UNKNOWN,UNKNOWN,0,0
REVIEW_014,7,UNKNOWN,UNKNOWN,0,0
REVIEW_014,8,UNKNOWN,UNKNOWN,0,0
REVIEW_014,9,UNKNOWN,UNKNOWN,0,0
REVIEW_014,10,UNKNOWN,UNKNOWN,0,0
REVIEW_014,11,UNKNOWN,UNKNOWN,0,0
REVIEW_014,12,UNKNOWN,UNKNOWN,0,0
REVIEW_014,13,UNKNOWN,UNKNOWN,0,0
REVIEW_014,14,UNKNOWN,UNKNOWN,0,0
REVIEW_014,15,UNKNOWN,UNKNOWN,0,0
REVIEW_014,16,UNKNOWN,UNKNOWN,0,0
REVIEW_014,17,UNKNOWN,UNKNOWN,0,0
REVIEW_014,18,UNKNOWN,UNKNOWN,0,0
REVIEW_014,19,UNKNOWN,UNKNOWN,0,0
REVIEW_014,20,UNKNOWN,UNKNOWN,0,0
REVIEW_014,21,UNKNOWN,UNKNOWN,0,0
REVIEW_014,22,UNKNOWN,UNKNOWN,0,0
REVIEW_014,23,UNKNOWN,UNKNOWN,0,0
REVIEW_014,24,UNKNOWN,UNKNOWN,0,0
REVIEW_014,25,UNKNOWN,UNKNOWN,0,0
REVIEW_014,26,UNKNOWN,UNKNOWN,0,0
REVIEW_014,27,UNKNOWN,UNKNOWN,0,0
REVIEW_014,28,UNKNOWN,UNKNOWN,0,0
REVIEW_014,29,UNKNOWN,UNKNOWN,0,0
REVIEW_014,30,UNKNOWN,UNKNOWN,0,0
REVIEW_014,31,UNKNOWN,UNKNOWN,0,0
REVIEW_014,32,UNKNOWN,UNKNOWN,0,0
REVIEW_014,33,UNKNOWN,UNKNOWN,0,0
REVIEW_014,34,UNKNOWN,UNKNOWN,0,0
REVIEW_014,35,UNKNOWN,UNKNOWN,0,0
REVIEW_014,36,UNKNOWN,UNKNOWN,0,0
REVIEW_014,37,UNKNOWN,UNKNOWN,0,0
REVIEW_014,38,UNKNOWN,UNKNOWN,0,0
REVIEW_014,39,UNKNOWN,UNKNOWN,0,0
REVIEW_014,40,UNKNOWN,UNKNOWN,0,0
REVIEW_014,41,UNKNOWN,UNKNOWN,0,0
REVIEW_014,42,UNKNOWN,UNKNOWN,0,0
REVIEW_014,43,UNKNOWN,UNKNOWN,0,0
REVIEW_014,44,UNKNOWN,UNKNOWN,0,0
REVIEW_014,45,UNKNOWN,UNKNOWN,0,0
REVIEW_014,46,UNKNOWN,UNKNOWN,0,0
REVIEW_014,47,UNKNOWN,UNKNOWN,0,0
REVIEW_014,48,UNKNOWN,UNKNOWN,0,0
REVIEW_014,49,UNKNOWN,UNKNOWN,0,0
REVIEW_015,0,UNKNOWN,UNKNOWN,0,0
REVIEW_015,1,UNKNOWN,UNKNOWN,0,0
REVIEW_015,2,UNKNOWN,UNKNOWN,0,0
REVIEW_015,3,UNKNOWN,UNKNOWN,0,0
REVIEW_015,4,UNKNOWN,UNKNOWN,0,0
REVIEW_015,5,UNKNOWN,UNKNOWN,0,0
REVIEW_015,6,UNKNOWN,UNKNOWN,0,0
REVIEW_015,7,UNKNOWN,UNKNOWN,0,0
REVIEW_015,8,UNKNOWN,UNKNOWN,0,0
REVIEW_015,9,UNKNOWN,UNKNOWN,0,0
REVIEW_015,10,UNKNOWN,UNKNOWN,0,0
REVIEW_015,11,UNKNOWN,UNKNOWN,0,0
REVIEW_015,12,UNKNOWN,UNKNOWN,0,0
REVIEW_015,13,UNKNOWN,UNKNOWN,0,0
REVIEW_015,14,UNKNOWN,UNKNOWN,0,0
REVIEW_015,15,UNKNOWN,UNKNOWN,0,0
REVIEW_015,16,UNKNOWN,UNKNOWN,0,0
REVIEW_015,17,UNKNOWN,UNKNOWN,0,0
REVIEW_015,18,UNKNOWN,UNKNOWN,0,0
REVIEW_015,19,UNKNOWN,UNKNOWN,0,0
REVIEW_015,20,UNKNOWN,UNKNOWN,0,0
REVIEW_015,21,UNKNOWN,UNKNOWN,0,0
REVIEW_015,22,UNKNOWN,UNKNOWN,0,0
REVIEW_015,23,UNKNOWN,UNKNOWN,0,0
REVIEW_015,24,UNKNOWN,UNKNOWN,0,0
REVIEW_015,25,UNKNOWN,UNKNOWN,0,0
REVIEW_015,26,UNKNOWN,UNKNOWN,0,0
REVIEW_015,27,UNKNOWN,UNKNOWN,0,0
REVIEW_015,28,UNKNOWN,UNKNOWN,0,0
REVIEW_015,29,UNKNOWN,UNKNOWN,0,0
REVIEW_015,30,UNKNOWN,UNKNOWN,0,0
REVIEW_015,31,UNKNOWN,UNKNOWN,0,0
REVIEW_015,32,UNKNOWN,UNKNOWN,0,0
REVIEW_015,33,UNKNOWN,UNKNOWN,0,0
REVIEW_015,34,UNKNOWN,UNKNOWN,0,0
REVIEW_015,35,UNKNOWN,UNKNOWN,0,0
REVIEW_015,36,UNKNOWN,UNKNOWN,0,0
REVIEW_015,37,UNKNOWN,UNKNOWN,0,0
REVIEW_015,38,UNKNOWN,UNKNOWN,0,0
REVIEW_015,39,UNKNOWN,UNKNOWN,0,0
REVIEW_015,40,UNKNOWN,UNKNOWN,0,0
REVIEW_015,41,UNKNOWN,UNKNOWN,0,0
REVIEW_015,42,UNKNOWN,UNKNOWN,0,0
REVIEW_015,43,UNKNOWN,UNKNOWN,0,0
REVIEW_015,44,UNKNOWN,UNKNOWN,0,0
REVIEW_015,45,UNKNOWN,UNKNOWN,0,0
REVIEW_015,46,UNKNOWN,UNKNOWN,0,0
REVIEW_015,47,UNKNOWN,UNKNOWN,0,0
REVIEW_015,48,UNKNOWN,UNKNOWN,0,0
REVIEW_015,49,UNKNOWN,UNKNOWN,0,0
REVIEW_016,0,UNKNOWN,UNKNOWN,0,0
REVIEW_016,1,UNKNOWN,UNKNOWN,0,0
REVIEW_016,2,UNKNOWN,UNKNOWN,0,0
REVIEW_016,3,UNKNOWN,UNKNOWN,0,0
REVIEW_016,4,UNKNOWN,UNKNOWN,0,0
REVIEW_016,5,UNKNOWN,UNKNOWN,0,0
REVIEW_016,6,UNKNOWN,UNKNOWN,0,0
REVIEW_016,7,UNKNOWN,UNKNOWN,0,0
REVIEW_016,8,UNKNOWN,UNKNOWN,0,0
REVIEW_016,9,UNKNOWN,UNKNOWN,0,0
REVIEW_016,10,UNKNOWN,UNKNOWN,0,0
REVIEW_016,11,UNKNOWN,UNKNOWN,0,0
REVIEW_016,12,UNKNOWN,UNKNOWN,0,0
REVIEW_016,13,UNKNOWN,UNKNOWN,0,0
REVIEW_016,14,UNKNOWN,UNKNOWN,0,0
REVIEW_016,15,UNKNOWN,UNKNOWN,0,0
REVIEW_016,16,UNKNOWN,UNKNOWN,0,0
REVIEW_016,17,UNKNOWN,UNKNOWN,0,0
REVIEW_016,18,UNKNOWN,UNKNOWN,0,0
REVIEW_016,19,UNKNOWN,UNKNOWN,0,0
REVIEW_016,20,UNKNOWN,UNKNOWN,0,0
REVIEW_016,21,UNKNOWN,UNKNOWN,0,0
REVIEW_016,22,UNKNOWN,UNKNOWN,0,0
REVIEW_016,23,UNKNOWN,UNKNOWN,0,0
REVIEW_016,24,UNKNOWN,UNKNOWN,0,0
REVIEW_016,25,UNKNOWN,UNKNOWN,0,0
REVIEW_016,26,UNKNOWN,UNKNOWN,0,0
REVIEW_016,27,UNKNOWN,UNKNOWN,0,0
REVIEW_016,28,UNKNOWN,UNKNOWN,0,0
REVIEW_016,29,UNKNOWN,UNKNOWN,0,0
REVIEW_016,30,UNKNOWN,UNKNOWN,0,0
REVIEW_016,31,UNKNOWN,UNKNOWN,0,0
REVIEW_016,32,UNKNOWN,UNKNOWN,0,0
REVIEW_016,33,UNKNOWN,UNKNOWN,0,0
REVIEW_016,34,UNKNOWN,UNKNOWN,0,0
REVIEW_016,35,UNKNOWN,UNKNOWN,0,0
REVIEW_016,36,UNKNOWN,UNKNOWN,0,0
REVIEW_016,37,UNKNOWN,UNKNOWN,0,0
REVIEW_016,38,UNKNOWN,UNKNOWN,0,0
REVIEW_016,39,UNKNOWN,UNKNOWN,0,0
REVIEW_016,40,UNKNOWN,UNKNOWN,0,0
REVIEW_016,41,UNKNOWN,UNKNOWN,0,0
REVIEW_016,42,UNKNOWN,UNKNOWN,0,0
REVIEW_016,43,UNKNOWN,UNKNOWN,0,0
REVIEW_016,44,UNKNOWN,UNKNOWN,0,0
REVIEW_016,45,UNKNOWN,UNKNOWN,0,0
REVIEW_016,46,UNKNOWN,UNKNOWN,0,0
REVIEW_016,47,UNKNOWN,UNKNOWN,0,0
REVIEW_016,48,UNKNOWN,UNKNOWN,0,0
REVIEW_016,49,UNKNOWN,UNKNOWN,0,0
REVIEW_017,0,UNKNOWN,UNKNOWN,0,0
REVIEW_017,1,UNKNOWN,UNKNOWN,0,0
REVIEW_017,2,UNKNOWN,UNKNOWN,0,0
REVIEW_017,3,UNKNOWN,UNKNOWN,0,0
REVIEW_017,4,UNKNOWN,UNKNOWN,0,0
REVIEW_017,5,UNKNOWN,UNKNOWN,0,0
REVIEW_017,6,UNKNOWN,UNKNOWN,0,0
REVIEW_017,7,UNKNOWN,UNKNOWN,0,0
REVIEW_017,8,UNKNOWN,UNKNOWN,0,0
REVIEW_017,9,UNKNOWN,UNKNOWN,0,0
REVIEW_017,10,UNKNOWN,UNKNOWN,0,0
REVIEW_017,11,UNKNOWN,UNKNOWN,0,0
REVIEW_017,12,UNKNOWN,UNKNOWN,0,0
REVIEW_017,13,UNKNOWN,UNKNOWN,0,0
REVIEW_017,14,UNKNOWN,UNKNOWN,0,0
REVIEW_017,15,UNKNOWN,UNKNOWN,0,0
REVIEW_017,16,UNKNOWN,UNKNOWN,0,0
REVIEW_017,17,UNKNOWN,UNKNOWN,0,0
REVIEW_017,18,UNKNOWN,UNKNOWN,0,0
REVIEW_017,19,UNKNOWN,UNKNOWN,0,0
REVIEW_017,20,UNKNOWN,UNKNOWN,0,0
REVIEW_017,21,UNKNOWN,UNKNOWN,0,0
REVIEW_017,22,UNKNOWN,UNKNOWN,0,0
REVIEW_017,23,UNKNOWN,UNKNOWN,0,0
REVIEW_017,24,UNKNOWN,UNKNOWN,0,0
REVIEW_017,25,UNKNOWN,UNKNOWN,0,0
REVIEW_017,26,UNKNOWN,UNKNOWN,0,0
REVIEW_017,27,UNKNOWN,UNKNOWN,0,0
REVIEW_017,28,UNKNOWN,UNKNOWN,0,0
REVIEW_017,29,UNKNOWN,UNKNOWN,0,0
REVIEW_017,30,UNKNOWN,UNKNOWN,0,0
REVIEW_017,31,UNKNOWN,UNKNOWN,0,0
REVIEW_017,32,UNKNOWN,UNKNOWN,0,0
REVIEW_017,33,UNKNOWN,UNKNOWN,0,0
REVIEW_017,34,UNKNOWN,UNKNOWN,0,0
REVIEW_017,35,UNKNOWN,UNKNOWN,0,0
REVIEW_017,36,UNKNOWN,UNKNOWN,0,0
REVIEW_017,37,UNKNOWN,UNKNOWN,0,0
REVIEW_017,38,UNKNOWN,UNKNOWN,0,0
REVIEW_017,39,UNKNOWN,UNKNOWN,0,0
REVIEW_017,40,UNKNOWN,UNKNOWN,0,0
REVIEW_017,41,UNKNOWN,UNKNOWN,0,0
REVIEW_017,42,UNKNOWN,UNKNOWN,0,0
REVIEW_017,43,UNKNOWN,UNKNOWN,0,0
REVIEW_017,44,UNKNOWN,UNKNOWN,0,0
REVIEW_017,45,UNKNOWN,UNKNOWN,0,0
REVIEW_017,46,UNKNOWN,UNKNOWN,0,0
REVIEW_017,47,UNKNOWN,UNKNOWN,0,0
REVIEW_017,48,UNKNOWN,UNKNOWN,0,0
REVIEW_017,49,UNKNOWN,UNKNOWN,0,0
REVIEW_018,0,UNKNOWN,UNKNOWN,0,0
REVIEW_018,1,UNKNOWN,UNKNOWN,0,0
REVIEW_018,2,UNKNOWN,UNKNOWN,0,0
REVIEW_018,3,UNKNOWN,UNKNOWN,0,0
REVIEW_018,4,UNKNOWN,UNKNOWN,0,0
REVIEW_018,5,UNKNOWN,UNKNOWN,0,0
REVIEW_018,6,UNKNOWN,UNKNOWN,0,0
REVIEW_018,7,UNKNOWN,UNKNOWN,0,0
REVIEW_018,8,UNKNOWN,UNKNOWN,0,0
REVIEW_018,9,UNKNOWN,UNKNOWN,0,0
REVIEW_018,10,UNKNOWN,UNKNOWN,0,0
REVIEW_018,11,UNKNOWN,UNKNOWN,0,0
REVIEW_018,12,UNKNOWN,UNKNOWN,0,0
REVIEW_018,13,UNKNOWN,UNKNOWN,0,0
REVIEW_018,14,UNKNOWN,UNKNOWN,0,0
REVIEW_018,15,UNKNOWN,UNKNOWN,0,0
REVIEW_018,16,UNKNOWN,UNKNOWN,0,0
REVIEW_018,17,UNKNOWN,UNKNOWN,0,0
REVIEW_018,18,UNKNOWN,UNKNOWN,0,0
REVIEW_018,19,UNKNOWN,UNKNOWN,0,0
REVIEW_018,20,UNKNOWN,UNKNOWN,0,0
REVIEW_018,21,UNKNOWN,UNKNOWN,0,0
REVIEW_018,22,UNKNOWN,UNKNOWN,0,0
REVIEW_018,23,UNKNOWN,UNKNOWN,0,0
REVIEW_018,24,UNKNOWN,UNKNOWN,0,0
REVIEW_018,25,UNKNOWN,UNKNOWN,0,0
REVIEW_018,26,UNKNOWN,UNKNOWN,0,0
REVIEW_018,27,UNKNOWN,UNKNOWN,0,0
REVIEW_018,28,UNKNOWN,UNKNOWN,0,0
REVIEW_018,29,UNKNOWN,UNKNOWN,0,0
REVIEW_018,30,UNKNOWN,UNKNOWN,0,0
REVIEW_018,31,UNKNOWN,UNKNOWN,0,0
REVIEW_018,32,UNKNOWN,UNKNOWN,0,0
REVIEW_018,33,UNKNOWN,UNKNOWN,0,0
REVIEW_018,34,UNKNOWN,UNKNOWN,0,0
REVIEW_018,35,UNKNOWN,UNKNOWN,0,0
REVIEW_018,36,UNKNOWN,UNKNOWN,0,0
REVIEW_018,37,UNKNOWN,UNKNOWN,0,0
REVIEW_018,38,UNKNOWN,UNKNOWN,0,0
REVIEW_018,39,UNKNOWN,UNKNOWN,0,0
REVIEW_018,40,UNKNOWN,UNKNOWN,0,0
REVIEW_018,41,UNKNOWN,UNKNOWN,0,0
REVIEW_018,42,UNKNOWN,UNKNOWN,0,0
REVIEW_018,43,UNKNOWN,UNKNOWN,0,0
REVIEW_018,44,UNKNOWN,UNKNOWN,0,0
REVIEW_018,45,UNKNOWN,UNKNOWN,0,0
REVIEW_018,46,UNKNOWN,UNKNOWN,0,0
REVIEW_018,47,UNKNOWN,UNKNOWN,0,0
REVIEW_018,48,UNKNOWN,UNKNOWN,0,0
REVIEW_018,49,UNKNOWN,UNKNOWN,0,0
REVIEW_019,0,UNKNOWN,UNKNOWN,0,0
REVIEW_019,1,UNKNOWN,UNKNOWN,0,0
REVIEW_019,2,UNKNOWN,UNKNOWN,0,0
REVIEW_019,3,UNKNOWN,UNKNOWN,0,0
REVIEW_019,4,UNKNOWN,UNKNOWN,0,0
REVIEW_019,5,UNKNOWN,UNKNOWN,0,0
REVIEW_019,6,UNKNOWN,UNKNOWN,0,0
REVIEW_019,7,UNKNOWN,UNKNOWN,0,0
REVIEW_019,8,UNKNOWN,UNKNOWN,0,0
REVIEW_019,9,UNKNOWN,UNKNOWN,0,0
REVIEW_019,10,UNKNOWN,UNKNOWN,0,0
REVIEW_019,11,UNKNOWN,UNKNOWN,0,0
REVIEW_019,12,UNKNOWN,UNKNOWN,0,0
REVIEW_019,13,UNKNOWN,UNKNOWN,0,0
REVIEW_019,14,UNKNOWN,UNKNOWN,0,0
REVIEW_019,15,UNKNOWN,UNKNOWN,0,0
REVIEW_019,16,UNKNOWN,UNKNOWN,0,0
REVIEW_019,17,UNKNOWN,UNKNOWN,0,0
REVIEW_019,18,UNKNOWN,UNKNOWN,0,0
REVIEW_019,19,UNKNOWN,UNKNOWN,0,0
REVIEW_019,20,UNKNOWN,UNKNOWN,0,0
REVIEW_019,21,UNKNOWN,UNKNOWN,0,0
REVIEW_019,22,UNKNOWN,UNKNOWN,0,0
REVIEW_019,23,UNKNOWN,UNKNOWN,0,0
REVIEW_019,24,UNKNOWN,UNKNOWN,0,0
REVIEW_019,25,UNKNOWN,UNKNOWN,0,0
REVIEW_019,26,UNKNOWN,UNKNOWN,0,0
REVIEW_019,27,UNKNOWN,UNKNOWN,0,0
REVIEW_019,28,UNKNOWN,UNKNOWN,0,0
REVIEW_019,29,UNKNOWN,UNKNOWN,0,0
REVIEW_019,30,UNKNOWN,UNKNOWN,0,0
REVIEW_019,31,UNKNOWN,UNKNOWN,0,0
REVIEW_019,32,UNKNOWN,UNKNOWN,0,0
REVIEW_019,33,UNKNOWN,UNKNOWN,0,0
REVIEW_019,34,UNKNOWN,UNKNOWN,0,0
REVIEW_019,35,UNKNOWN,UNKNOWN,0,0
REVIEW_019,36,UNKNOWN,UNKNOWN,0,0
REVIEW_019,37,UNKNOWN,UNKNOWN,0,0
REVIEW_019,38,UNKNOWN,UNKNOWN,0,0
REVIEW_019,39,UNKNOWN,UNKNOWN,0,0
REVIEW_019,40,UNKNOWN,UNKNOWN,0,0
REVIEW_019,41,UNKNOWN,UNKNOWN,0,0
REVIEW_019,42,UNKNOWN,UNKNOWN,0,0
REVIEW_019,43,UNKNOWN,UNKNOWN,0,0
REVIEW_019,44,UNKNOWN,UNKNOWN,0,0
REVIEW_019,45,UNKNOWN,UNKNOWN,0,0
REVIEW_019,46,UNKNOWN,UNKNOWN,0,0
REVIEW_019,47,UNKNOWN,UNKNOWN,0,0
REVIEW_019,48,UNKNOWN,UNKNOWN,0,0
REVIEW_019,49,UNKNOWN,UNKNOWN,0,0
REVIEW_020,0,UNKNOWN,UNKNOWN,0,0
REVIEW_020,1,UNKNOWN,UNKNOWN,0,0
REVIEW_020,2,UNKNOWN,UNKNOWN,0,0
REVIEW_020,3,UNKNOWN,UNKNOWN,0,0
REVIEW_020,4,UNKNOWN,UNKNOWN,0,0
REVIEW_020,5,UNKNOWN,UNKNOWN,0,0
REVIEW_020,6,UNKNOWN,UNKNOWN,0,0
REVIEW_020,7,UNKNOWN,UNKNOWN,0,0
REVIEW_020,8,UNKNOWN,UNKNOWN,0,0
REVIEW_020,9,UNKNOWN,UNKNOWN,0,0
REVIEW_020,10,UNKNOWN,UNKNOWN,0,0
REVIEW_020,11,UNKNOWN,UNKNOWN,0,0
REVIEW_020,12,UNKNOWN,UNKNOWN,0,0
REVIEW_020,13,UNKNOWN,UNKNOWN,0,0
REVIEW_020,14,UNKNOWN,UNKNOWN,0,0
REVIEW_020,15,UNKNOWN,UNKNOWN,0,0
REVIEW_020,16,UNKNOWN,UNKNOWN,0,0
REVIEW_020,17,UNKNOWN,UNKNOWN,0,0
REVIEW_020,18,UNKNOWN,UNKNOWN,0,0
REVIEW_020,19,UNKNOWN,UNKNOWN,0,0
REVIEW_020,20,UNKNOWN,UNKNOWN,0,0
REVIEW_020,21,UNKNOWN,UNKNOWN,0,0
REVIEW_020,22,UNKNOWN,UNKNOWN,0,0
REVIEW_020,23,UNKNOWN,UNKNOWN,0,0
REVIEW_020,24,UNKNOWN,UNKNOWN,0,0
REVIEW_020,25,UNKNOWN,UNKNOWN,0,0
REVIEW_020,26,UNKNOWN,UNKNOWN,0,0
REVIEW_020,27,UNKNOWN,UNKNOWN,0,0
REVIEW_020,28,UNKNOWN,UNKNOWN,0,0
REVIEW_020,29,UNKNOWN,UNKNOWN,0,0
REVIEW_020,30,UNKNOWN,UNKNOWN,0,0
REVIEW_020,31,UNKNOWN,UNKNOWN,0,0
REVIEW_020,32,UNKNOWN,UNKNOWN,0,0
REVIEW_020,33,UNKNOWN,UNKNOWN,0,0
REVIEW_020,34,UNKNOWN,UNKNOWN,0,0
REVIEW_020,35,UNKNOWN,UNKNOWN,0,0
REVIEW_020,36,UNKNOWN,UNKNOWN,0,0
REVIEW_020,37,UNKNOWN,UNKNOWN,0,0
REVIEW_020,38,UNKNOWN,UNKNOWN,0,0
REVIEW_020,39,UNKNOWN,UNKNOWN,0,0
REVIEW_020,40,UNKNOWN,UNKNOWN,0,0
REVIEW_020,41,UNKNOWN,UNKNOWN,0,0
REVIEW_020,42,UNKNOWN,UNKNOWN,0,0
REVIEW_020,43,UNKNOWN,UNKNOWN,0,0
REVIEW_020,44,UNKNOWN,UNKNOWN,0,0
REVIEW_020,45,UNKNOWN,UNKNOWN,0,0
REVIEW_020,46,UNKNOWN,UNKNOWN,0,0
REVIEW_020,47,UNKNOWN,UNKNOWN,0,0
REVIEW_020,48,UNKNOWN,UNKNOWN,0,0
REVIEW_020,49,UNKNOWN,UNKNOWN,0,0
REVIEW_021,0,UNKNOWN,UNKNOWN,0,0
REVIEW_021,1,UNKNOWN,UNKNOWN,0,0
REVIEW_021,2,UNKNOWN,UNKNOWN,0,0
REVIEW_021,3,UNKNOWN,UNKNOWN,0,0
REVIEW_021,4,UNKNOWN,UNKNOWN,0,0
REVIEW_021,5,UNKNOWN,UNKNOWN,0,0
REVIEW_021,6,UNKNOWN,UNKNOWN,0,0
REVIEW_021,7,UNKNOWN,UNKNOWN,0,0
REVIEW_021,8,UNKNOWN,UNKNOWN,0,0
REVIEW_021,9,UNKNOWN,UNKNOWN,0,0
REVIEW_021,10,UNKNOWN,UNKNOWN,0,0
REVIEW_021,11,UNKNOWN,UNKNOWN,0,0
REVIEW_021,12,UNKNOWN,UNKNOWN,0,0
REVIEW_021,13,UNKNOWN,UNKNOWN,0,0
REVIEW_021,14,UNKNOWN,UNKNOWN,0,0
REVIEW_021,15,UNKNOWN,UNKNOWN,0,0
REVIEW_021,16,UNKNOWN,UNKNOWN,0,0
REVIEW_021,17,UNKNOWN,UNKNOWN,0,0
REVIEW_021,18,UNKNOWN,UNKNOWN,0,0
REVIEW_021,19,UNKNOWN,UNKNOWN,0,0
REVIEW_021,20,UNKNOWN,UNKNOWN,0,0
REVIEW_021,21,UNKNOWN,UNKNOWN,0,0
REVIEW_021,22,UNKNOWN,UNKNOWN,0,0
REVIEW_021,23,UNKNOWN,UNKNOWN,0,0
REVIEW_021,24,UNKNOWN,UNKNOWN,0,0
REVIEW_021,25,UNKNOWN,UNKNOWN,0,0
REVIEW_021,26,UNKNOWN,UNKNOWN,0,0
REVIEW_021,27,UNKNOWN,UNKNOWN,0,0
REVIEW_021,28,UNKNOWN,UNKNOWN,0,0
REVIEW_021,29,UNKNOWN,UNKNOWN,0,0
REVIEW_021,30,UNKNOWN,UNKNOWN,0,0
REVIEW_021,31,UNKNOWN,UNKNOWN,0,0
REVIEW_021,32,UNKNOWN,UNKNOWN,0,0
REVIEW_021,33,UNKNOWN,UNKNOWN,0,0
REVIEW_021,34,UNKNOWN,UNKNOWN,0,0
REVIEW_021,35,UNKNOWN,UNKNOWN,0,0
REVIEW_021,36,UNKNOWN,UNKNOWN,0,0
REVIEW_021,37,UNKNOWN,UNKNOWN,0,0
REVIEW_021,38,UNKNOWN,UNKNOWN,0,0
REVIEW_021,39,UNKNOWN,UNKNOWN,0,0
REVIEW_021,40,UNKNOWN,UNKNOWN,0,0
REVIEW_021,41,UNKNOWN,UNKNOWN,0,0
REVIEW_021,42,UNKNOWN,UNKNOWN,0,0
REVIEW_021,43,UNKNOWN,UNKNOWN,0,0
REVIEW_021,44,UNKNOWN,UNKNOWN,0,0
REVIEW_021,45,UNKNOWN,UNKNOWN,0,0
REVIEW_021,46,UNKNOWN,UNKNOWN,0,0
REVIEW_021,47,UNKNOWN,UNKNOWN,0,0
REVIEW_021,48,UNKNOWN,UNKNOWN,0,0
REVIEW_021,49,UNKNOWN,UNKNOWN,0,0
REVIEW_022,0,UNKNOWN,UNKNOWN,0,0
REVIEW_022,1,UNKNOWN,UNKNOWN,0,0
REVIEW_022,2,UNKNOWN,UNKNOWN,0,0
REVIEW_022,3,UNKNOWN,UNKNOWN,0,0
REVIEW_022,4,UNKNOWN,UNKNOWN,0,0
REVIEW_022,5,UNKNOWN,UNKNOWN,0,0
REVIEW_022,6,UNKNOWN,UNKNOWN,0,0
REVIEW_022,7,UNKNOWN,UNKNOWN,0,0
REVIEW_022,8,UNKNOWN,UNKNOWN,0,0
REVIEW_022,9,UNKNOWN,UNKNOWN,0,0
REVIEW_022,10,UNKNOWN,UNKNOWN,0,0
REVIEW_022,11,UNKNOWN,UNKNOWN,0,0
REVIEW_022,12,UNKNOWN,UNKNOWN,0,0
REVIEW_022,13,UNKNOWN,UNKNOWN,0,0
REVIEW_022,14,UNKNOWN,UNKNOWN,0,0
REVIEW_022,15,UNKNOWN,UNKNOWN,0,0
REVIEW_022,16,UNKNOWN,UNKNOWN,0,0
REVIEW_022,17,UNKNOWN,UNKNOWN,0,0
REVIEW_022,18,UNKNOWN,UNKNOWN,0,0
REVIEW_022,19,UNKNOWN,UNKNOWN,0,0
REVIEW_022,20,UNKNOWN,UNKNOWN,0,0
REVIEW_022,21,UNKNOWN,UNKNOWN,0,0
REVIEW_022,22,UNKNOWN,UNKNOWN,0,0
REVIEW_022,23,UNKNOWN,UNKNOWN,0,0
REVIEW_022,24,UNKNOWN,UNKNOWN,0,0
REVIEW_022,25,UNKNOWN,UNKNOWN,0,0
REVIEW_022,26,UNKNOWN,UNKNOWN,0,0
REVIEW_022,27,UNKNOWN,UNKNOWN,0,0
REVIEW_022,28,UNKNOWN,UNKNOWN,0,0
REVIEW_022,29,UNKNOWN,UNKNOWN,0,0
REVIEW_022,30,UNKNOWN,UNKNOWN,0,0
REVIEW_022,31,UNKNOWN,UNKNOWN,0,0
REVIEW_022,32,UNKNOWN,UNKNOWN,0,0
REVIEW_022,33,UNKNOWN,UNKNOWN,0,0
REVIEW_022,34,UNKNOWN,UNKNOWN,0,0
REVIEW_022,35,UNKNOWN,UNKNOWN,0,0
REVIEW_022,36,UNKNOWN,UNKNOWN,0,0
REVIEW_022,37,UNKNOWN,UNKNOWN,0,0
REVIEW_022,38,UNKNOWN,UNKNOWN,0,0
REVIEW_022,39,UNKNOWN,UNKNOWN,0,0
REVIEW_022,40,UNKNOWN,UNKNOWN,0,0
REVIEW_022,41,UNKNOWN,UNKNOWN,0,0
REVIEW_022,42,UNKNOWN,UNKNOWN,0,0
REVIEW_022,43,UNKNOWN,UNKNOWN,0,0
REVIEW_022,44,UNKNOWN,UNKNOWN,0,0
REVIEW_022,45,UNKNOWN,UNKNOWN,0,0
REVIEW_022,46,UNKNOWN,UNKNOWN,0,0
REVIEW_022,47,UNKNOWN,UNKNOWN,0,0
REVIEW_022,48,UNKNOWN,UNKNOWN,0,0
REVIEW_022,49,UNKNOWN,UNKNOWN,0,0
REVIEW_023,0,UNKNOWN,UNKNOWN,0,0
REVIEW_023,1,UNKNOWN,UNKNOWN,0,0
REVIEW_023,2,UNKNOWN,UNKNOWN,0,0
REVIEW_023,3,UNKNOWN,UNKNOWN,0,0
REVIEW_023,4,UNKNOWN,UNKNOWN,0,0
REVIEW_023,5,UNKNOWN,UNKNOWN,0,0
REVIEW_023,6,UNKNOWN,UNKNOWN,0,0
REVIEW_023,7,UNKNOWN,UNKNOWN,0,0
REVIEW_023,8,UNKNOWN,UNKNOWN,0,0
REVIEW_023,9,UNKNOWN,UNKNOWN,0,0
REVIEW_023,10,UNKNOWN,UNKNOWN,0,0
REVIEW_023,11,UNKNOWN,UNKNOWN,0,0
REVIEW_023,12,UNKNOWN,UNKNOWN,0,0
REVIEW_023,13,UNKNOWN,UNKNOWN,0,0
REVIEW_023,14,UNKNOWN,UNKNOWN,0,0
REVIEW_023,15,UNKNOWN,UNKNOWN,0,0
REVIEW_023,16,UNKNOWN,UNKNOWN,0,0
REVIEW_023,17,UNKNOWN,UNKNOWN,0,0
REVIEW_023,18,UNKNOWN,UNKNOWN,0,0
REVIEW_023,19,UNKNOWN,UNKNOWN,0,0
REVIEW_023,20,UNKNOWN,UNKNOWN,0,0
REVIEW_023,21,UNKNOWN,UNKNOWN,0,0
REVIEW_023,22,UNKNOWN,UNKNOWN,0,0
REVIEW_023,23,UNKNOWN,UNKNOWN,0,0
REVIEW_023,24,UNKNOWN,UNKNOWN,0,0
REVIEW_023,25,UNKNOWN,UNKNOWN,0,0
REVIEW_023,26,UNKNOWN,UNKNOWN,0,0
REVIEW_023,27,UNKNOWN,UNKNOWN,0,0
REVIEW_023,28,UNKNOWN,UNKNOWN,0,0
REVIEW_023,29,UNKNOWN,UNKNOWN,0,0
REVIEW_023,30,UNKNOWN,UNKNOWN,0,0
REVIEW_023,31,UNKNOWN,UNKNOWN,0,0
REVIEW_023,32,UNKNOWN,UNKNOWN,0,0
REVIEW_023,33,UNKNOWN,UNKNOWN,0,0
REVIEW_023,34,UNKNOWN,UNKNOWN,0,0
REVIEW_023,35,UNKNOWN,UNKNOWN,0,0
REVIEW_023,36,UNKNOWN,UNKNOWN,0,0
REVIEW_023,37,UNKNOWN,UNKNOWN,0,0
REVIEW_023,38,UNKNOWN,UNKNOWN,0,0
REVIEW_023,39,UNKNOWN,UNKNOWN,0,0
REVIEW_023,40,UNKNOWN,UNKNOWN,0,0
REVIEW_023,41,UNKNOWN,UNKNOWN,0,0
REVIEW_023,42,UNKNOWN,UNKNOWN,0,0
REVIEW_023,43,UNKNOWN,UNKNOWN,0,0
REVIEW_023,44,UNKNOWN,UNKNOWN,0,0
REVIEW_023,45,UNKNOWN,UNKNOWN,0,0
REVIEW_023,46,UNKNOWN,UNKNOWN,0,0
REVIEW_023,47,UNKNOWN,UNKNOWN,0,0
REVIEW_023,48,UNKNOWN,UNKNOWN,0,0
REVIEW_023,49,UNKNOWN,UNKNOWN,0,0
REVIEW_024,0,UNKNOWN,UNKNOWN,0,0
REVIEW_024,1,UNKNOWN,UNKNOWN,0,0
REVIEW_024,2,UNKNOWN,UNKNOWN,0,0
REVIEW_024,3,UNKNOWN,UNKNOWN,0,0
REVIEW_024,4,UNKNOWN,UNKNOWN,0,0
REVIEW_024,5,UNKNOWN,UNKNOWN,0,0
REVIEW_024,6,UNKNOWN,UNKNOWN,0,0
REVIEW_024,7,UNKNOWN,UNKNOWN,0,0
REVIEW_024,8,UNKNOWN,UNKNOWN,0,0
REVIEW_024,9,UNKNOWN,UNKNOWN,0,0
REVIEW_024,10,UNKNOWN,UNKNOWN,0,0
REVIEW_024,11,UNKNOWN,UNKNOWN,0,0
REVIEW_024,12,UNKNOWN,UNKNOWN,0,0
REVIEW_024,13,UNKNOWN,UNKNOWN,0,0
REVIEW_024,14,UNKNOWN,UNKNOWN,0,0
REVIEW_024,15,UNKNOWN,UNKNOWN,0,0
REVIEW_024,16,UNKNOWN,UNKNOWN,0,0
REVIEW_024,17,UNKNOWN,UNKNOWN,0,0
REVIEW_024,18,UNKNOWN,UNKNOWN,0,0
REVIEW_024,19,UNKNOWN,UNKNOWN,0,0
REVIEW_024,20,UNKNOWN,UNKNOWN,0,0
REVIEW_024,21,UNKNOWN,UNKNOWN,0,0
REVIEW_024,22,UNKNOWN,UNKNOWN,0,0
REVIEW_024,23,UNKNOWN,UNKNOWN,0,0
REVIEW_024,24,UNKNOWN,UNKNOWN,0,0
REVIEW_024,25,UNKNOWN,UNKNOWN,0,0
REVIEW_024,26,UNKNOWN,UNKNOWN,0,0
REVIEW_024,27,UNKNOWN,UNKNOWN,0,0
REVIEW_024,28,UNKNOWN,UNKNOWN,0,0
REVIEW_024,29,UNKNOWN,UNKNOWN,0,0
REVIEW_024,30,UNKNOWN,UNKNOWN,0,0
REVIEW_024,31,UNKNOWN,UNKNOWN,0,0
REVIEW_024,32,UNKNOWN,UNKNOWN,0,0
REVIEW_024,33,UNKNOWN,UNKNOWN,0,0
REVIEW_024,34,UNKNOWN,UNKNOWN,0,0
REVIEW_024,35,UNKNOWN,UNKNOWN,0,0
REVIEW_024,36,UNKNOWN,UNKNOWN,0,0
REVIEW_024,37,UNKNOWN,UNKNOWN,0,0
REVIEW_024,38,UNKNOWN,UNKNOWN,0,0
REVIEW_024,39,UNKNOWN,UNKNOWN,0,0
REVIEW_024,40,UNKNOWN,UNKNOWN,0,0
REVIEW_024,41,UNKNOWN,UNKNOWN,0,0
REVIEW_024,42,UNKNOWN,UNKNOWN,0,0
REVIEW_024,43,UNKNOWN,UNKNOWN,0,0
REVIEW_024,44,UNKNOWN,UNKNOWN,0,0
REVIEW_024,45,UNKNOWN,UNKNOWN,0,0
REVIEW_024,46,UNKNOWN,UNKNOWN,0,0
REVIEW_024,47,UNKNOWN,UNKNOWN,0,0
REVIEW_024,48,UNKNOWN,UNKNOWN,0,0
REVIEW_024,49,UNKNOWN,UNKNOWN,0,0
